key,de,english,french,ukrainian,italian,swedish,turkish,russian
loginDialogHeader,Anmeldung,DUPLICATE,DUPLICATE,OK,MISSING,MISSING,MISSING,MISSING
loginTabLogin,Login,GERMAN_FALLBACK,OK,DUPLICATE,MISSING,MISSING,MISSING,MISSING
loginTabErrorAnalysis,Fehleranalyse,OK,OK,OK,MISSING,MISSING,MISSING,MISSING
buttonLogin,Login,GERMAN_FALLBACK,GERMAN_FALLBACK,OK,MISSING,MISSING,MISSING,MISSING
selectApplication,Bitte Anwendung wählen,OK,OK,OK,MISSING,MISSING,MISSING,MISSING
labelSelectLanguage,Oberflächensprache wählen : ,OK,OK,OK,MISSING,MISSING,MISSING,MISSING
labelUsername,Benutzername : ,OK,OK,OK,MISSING,MISSING,MISSING,MISSING
labelPassword,Passwort : ,OK,OK,OK,MISSING,MISSING,MISSING,MISSING
labelNewsAnnouncements,Neuigkeiten / Ankündigungen,OK,OK,OK,MISSING,MISSING,MISSING,MISSING
newstext,"In der aktuellen Version ist es im Logindialog möglich, eine Oberflächensprache einzustellen (aktuell nur fürs Rechnungs-programm gültig) und zudem gibt es im Rechnungsprogramm eine separate Möglichkeit eine Sprache für die Rechnung einzustellen. Zudem gibt es einige Anpassungen.",OK,OK,OK,MISSING,MISSING,MISSING,MISSING
date_time,Date/Time:,GERMAN_FALLBACK,GERMAN_FALLBACK,OK,MISSING,MISSING,MISSING,MISSING
user_agent,User agent:,GERMAN_FALLBACK,GERMAN_FALLBACK,OK,MISSING,MISSING,MISSING,MISSING
user_ip,User IP:,GERMAN_FALLBACK,OK,OK,MISSING,MISSING,MISSING,MISSING
hostname,Hostname:,GERMAN_FALLBACK,OK,OK,MISSING,MISSING,MISSING,MISSING
request_uri,Request URI:,GERMAN_FALLBACK,GERMAN_FALLBACK,OK,MISSING,MISSING,MISSING,MISSING
ajax_request,Ajax request:,GERMAN_FALLBACK,GERMAN_FALLBACK,OK,MISSING,MISSING,MISSING,MISSING
status_code,Status code:,GERMAN_FALLBACK,GERMAN_FALLBACK,OK,MISSING,MISSING,MISSING,MISSING
exception_type,Exception type:,GERMAN_FALLBACK,GERMAN_FALLBACK,OK,MISSING,MISSING,MISSING,MISSING
exception_message,Exception message:,GERMAN_FALLBACK,GERMAN_FALLBACK,OK,MISSING,MISSING,MISSING,MISSING
exception_uuid,Exception UUID:,GERMAN_FALLBACK,GERMAN_FALLBACK,OK,MISSING,MISSING,MISSING,MISSING
stack_trace,Stack trace:,GERMAN_FALLBACK,GERMAN_FALLBACK,OK,MISSING,MISSING,MISSING,MISSING
list_stack_trace,List Stack trace:,GERMAN_FALLBACK,GERMAN_FALLBACK,OK,MISSING,MISSING,MISSING,MISSING
selectFiliale,Filiale wählen,OK,OK,OK,MISSING,MISSING,MISSING,MISSING
logout,Logout,GERMAN_FALLBACK,OK,OK,MISSING,MISSING,MISSING,MISSING
selectGesellschaft,Gesellschaft wählen,MISSING,OK,OK,MISSING,MISSING,MISSING,MISSING
loginTabRegister,Registrierung,OK,OK,OK,MISSING,MISSING,MISSING,MISSING
buttonLogout,Logout,GERMAN_FALLBACK,GERMAN_FALLBACK,OK,MISSING,MISSING,MISSING,MISSING
tabWelcome,Willkommen,OK,OK,OK,MISSING,MISSING,MISSING,MISSING
welcomeToProgram,Willkommen zum Rechnungsprogramm,OK,OK,OK,MISSING,MISSING,MISSING,MISSING
invoiceBranch,Rechnungsfiliale ist,OK,OK,OK,MISSING,MISSING,MISSING,MISSING
invoiceCommunity,Rechnungsgesellschaft ist,OK,OK,OK,MISSING,MISSING,MISSING,MISSING
break,Abbrechen,OK,OK,OK,MISSING,MISSING,MISSING,MISSING
paymentAdvice,Zahlungsavis,OK,OK,OK,MISSING,MISSING,MISSING,MISSING
invoice,Rechnung,OK,OK,OK,MISSING,MISSING,MISSING,MISSING
proformaInvoice,ProForma-Rechnung,OK,OK,OK,MISSING,MISSING,MISSING,MISSING
credit,Gutschrift,OK,OK,OK,MISSING,MISSING,MISSING,MISSING
cancellation,Storno,GERMAN_FALLBACK,OK,OK,MISSING,MISSING,MISSING,MISSING
report,Report,GERMAN_FALLBACK,GERMAN_FALLBACK,OK,MISSING,MISSING,MISSING,MISSING
administration,Administration,GERMAN_FALLBACK,GERMAN_FALLBACK,OK,MISSING,MISSING,MISSING,MISSING
hideLetterhead,Briefkopf verbergen,OK,OK,OK,MISSING,MISSING,MISSING,MISSING
changeApplication,Wechsel der Anwendung,OK,OK,OK,MISSING,MISSING,MISSING,MISSING
showLetterhead,Briefkopf anzeigen,OK,OK,OK,MISSING,MISSING,MISSING,MISSING
tabReceiverInvoice,Empfänger,OK,OK,OK,MISSING,MISSING,MISSING,MISSING
tabInvoiceData,Rechnungsdaten,OK,OK,OK,MISSING,MISSING,MISSING,MISSING
tabPaymentMethods,Zahlungsarten,OK,OK,OK,MISSING,MISSING,MISSING,MISSING
tabReducement,Nachlass,OK,OK,MISSING,MISSING,MISSING,MISSING,MISSING
treatmentDate,Behandlungsdatum,OK,OK,OK,MISSING,MISSING,MISSING,MISSING
searchInvoice,Rechnung suchen,OK,OK,OK,MISSING,MISSING,MISSING,MISSING
settings,Einstellungen,OK,OK,OK,MISSING,MISSING,MISSING,MISSING
importPatientButton,Patienten import,OK,OK,OK,MISSING,MISSING,MISSING,MISSING
reloadPatientButton,Neu laden,OK,OK,OK,MISSING,MISSING,MISSING,MISSING
newPatientButton,neuer Patient,OK,OK,OK,MISSING,MISSING,MISSING,MISSING
selectSelection,Bitte wählen Sie,OK,OK,OK,MISSING,MISSING,MISSING,MISSING
buttonLoadAdress,Adresse laden,OK,OK,OK,MISSING,MISSING,MISSING,MISSING
finishInvoice,Abschluss Rechnung,OK,OK,OK,MISSING,MISSING,MISSING,MISSING
salutation,Anrede,OK,OK,OK,MISSING,MISSING,MISSING,MISSING
invoiceSelect1,Herr,OK,OK,OK,MISSING,MISSING,MISSING,MISSING
invoiceSelect2,Frau,OK,OK,OK,MISSING,MISSING,MISSING,MISSING
inputTitle,Titel,OK,OK,OK,MISSING,MISSING,MISSING,MISSING
inputFirstname,Vorname,OK,OK,OK,MISSING,MISSING,MISSING,MISSING
inputExtraName,Namenszusatz,OK,OK,OK,MISSING,MISSING,MISSING,MISSING
inputSurname,Nachname,OK,OK,OK,MISSING,MISSING,MISSING,MISSING
inputStreetNumber,Straße mit Nummer,OK,OK,OK,MISSING,MISSING,MISSING,MISSING
inputPostcode,Postleitzahl,OK,OK,OK,MISSING,MISSING,MISSING,MISSING
inputPlace,Ort,OK,OK,OK,MISSING,MISSING,MISSING,MISSING
inputCountry,Land,GERMAN_FALLBACK,OK,OK,MISSING,MISSING,MISSING,MISSING
inputPatientID,Patienten-ID,OK,OK,OK,MISSING,MISSING,MISSING,MISSING
inputBirthday,"Geburtsdatum (TT[.]MM[.]JJJJ, . optional)",OK,OK,OK,MISSING,MISSING,MISSING,MISSING
inputInsuranceNumber,Versichertennummer,OK,OK,OK,MISSING,MISSING,MISSING,MISSING
inputInsuranceType,Versichertenart,OK,OK,OK,MISSING,MISSING,MISSING,MISSING
selectSelfInsurance,selbstversichert,OK,OK,OK,MISSING,MISSING,MISSING,MISSING
selectFamilyInsurance,familienversichert,OK,OK,OK,MISSING,MISSING,MISSING,MISSING
selectPensionerInsurance,rentnerversichert,OK,OK,OK,MISSING,MISSING,MISSING,MISSING
selectInvoiceCompany,Rechnung an Firma ?,OK,OK,OK,MISSING,MISSING,MISSING,MISSING
buttonTakeDataPersonCompany,Daten übernehmen,OK,OK,OK,MISSING,MISSING,MISSING,MISSING
columnCategory,Kategorie,OK,OK,OK,MISSING,MISSING,MISSING,MISSING
columnBranch,Filiale,OK,GERMAN_FALLBACK,OK,MISSING,MISSING,MISSING,MISSING
columnCode,Code,GERMAN_FALLBACK,GERMAN_FALLBACK,OK,MISSING,MISSING,MISSING,MISSING
columnDescription,Beschreibung,OK,OK,OK,MISSING,MISSING,MISSING,MISSING
columnMWST,Mwst,GERMAN_FALLBACK,OK,OK,MISSING,MISSING,MISSING,MISSING
columnSoldpriceBrutto,Verkaufs- preis Brutto,OK,OK,OK,MISSING,MISSING,MISSING,MISSING
shortnameDoctorTherapy,Kürzel Arzt/Therapeut,OK,OK,OK,MISSING,MISSING,MISSING,MISSING
shortnameEmployees,Kürzel Mitarbeiter,OK,OK,OK,MISSING,MISSING,MISSING,MISSING
accountCompany,Konto,OK,OK,OK,MISSING,MISSING,MISSING,MISSING
paymentMethods,Zahlungsarten,OK,OK,OK,MISSING,MISSING,MISSING,MISSING
unset,noch nicht gewählt,OK,OK,OK,MISSING,MISSING,MISSING,MISSING
pleaseSelect,++ Bitte wählen Sie ++,OK,OK,OK,MISSING,MISSING,MISSING,MISSING
bar,Bar,GERMAN_FALLBACK,GERMAN_FALLBACK,OK,MISSING,MISSING,MISSING,MISSING
ec,EC,GERMAN_FALLBACK,GERMAN_FALLBACK,GERMAN_FALLBACK,MISSING,MISSING,MISSING,MISSING
paymentInAdvance,Vorkasse,OK,GERMAN_FALLBACK,OK,MISSING,MISSING,MISSING,MISSING
transfer,Überweisung,OK,OK,OK,MISSING,MISSING,MISSING,MISSING
goodwill,Kulanz,OK,GERMAN_FALLBACK,OK,MISSING,MISSING,MISSING,MISSING
selectReducement,Rabatt,OK,OK,OK,MISSING,MISSING,MISSING,MISSING
code,Code,GERMAN_FALLBACK,GERMAN_FALLBACK,OK,MISSING,MISSING,MISSING,MISSING
description,Beschreibung,OK,OK,OK,MISSING,MISSING,MISSING,MISSING
value,Wert,OK,OK,OK,MISSING,MISSING,MISSING,MISSING
remark,Bemerkung,OK,OK,OK,MISSING,MISSING,MISSING,MISSING
coupon,Gutschein,OK,OK,OK,MISSING,MISSING,MISSING,MISSING
takeData,Übernehmen,OK,OK,OK,MISSING,MISSING,MISSING,MISSING
overtakeInvoice,Rechnung übernehmen,OK,OK,OK,MISSING,MISSING,MISSING,MISSING
searchSurname,Suche per Nachname,OK,OK,OK,MISSING,MISSING,MISSING,MISSING
surname,Nachname: ,OK,OK,OK,MISSING,MISSING,MISSING,MISSING
searchAdress,Suche Adressen,OK,OK,OK,MISSING,MISSING,MISSING,MISSING
overtake,Übernehmen,OK,OK,OK,MISSING,MISSING,MISSING,MISSING
invoiceText,Rechnungstext,GERMAN_FALLBACK,OK,OK,MISSING,MISSING,MISSING,MISSING
lawHint,rechtliche Hinweise,OK,OK,OK,MISSING,MISSING,MISSING,MISSING
greetings,Grußformel,OK,OK,OK,MISSING,MISSING,MISSING,MISSING
editSalutation,Anrede anpassen,OK,OK,OK,MISSING,MISSING,MISSING,MISSING
removeSalutation,Anrede löschen,OK,OK,OK,MISSING,MISSING,MISSING,MISSING
questionRemoveSalutation,  Anrede wirklich löschen ?,OK,OK,OK,MISSING,MISSING,MISSING,MISSING
newSalutation,neue Anrede,OK,OK,OK,MISSING,MISSING,MISSING,MISSING
takeDataToInvoice,Übernehmen in Rechnung,OK,OK,OK,MISSING,MISSING,MISSING,MISSING
save,Speichern,OK,OK,OK,MISSING,MISSING,MISSING,MISSING
legendReplacementtags,Legende der Ersetzungstags :,OK,OK,OK,MISSING,MISSING,MISSING,MISSING
legendSalutation,<Anrede> = Anrede (Herr/Frau/Leeres Feld(Divers),OK,OK,OK,MISSING,MISSING,MISSING,MISSING
legendTitle,<Titel> = Titel (Dr./Prof./Prof.Dr./...),OK,OK,OK,MISSING,MISSING,MISSING,MISSING
legendFirstname,<Vorname> = Vorname,OK,OK,OK,MISSING,MISSING,MISSING,MISSING
legendExtraname,<Namenszusatz> = Namenszusatz (von/zu/...),OK,OK,OK,MISSING,MISSING,MISSING,MISSING
legendSurname,<Nachname> = Nachname,OK,OK,OK,MISSING,MISSING,MISSING,MISSING
legendTreatmentDate,<Behandlungsdatum> = Behandlungsdatum (TT.MM.JJJJ),OK,OK,OK,MISSING,MISSING,MISSING,MISSING
legendYouYourChild,<SieIhrKind> = Sie/Ihr Kind,MISSING,OK,OK,MISSING,MISSING,MISSING,MISSING
legendCommunityName,<Gesellschaftsname> = Name der Gesellschaft,OK,OK,OK,MISSING,MISSING,MISSING,MISSING
legendRowBreak,-br- = Zeilenumbruch,OK,OK,OK,MISSING,MISSING,MISSING,MISSING
exportDatev,Export DATEV,GERMAN_FALLBACK,OK,OK,MISSING,MISSING,MISSING,MISSING
exportDebitors,Export Debitoren,OK,OK,OK,MISSING,MISSING,MISSING,MISSING
salesVolume,Export Umsatz,OK,OK,OK,MISSING,MISSING,MISSING,MISSING
exportSalesVolumeDoctorCommunity,Export Umsatz je Arzt und Filiale,OK,OK,OK,MISSING,MISSING,MISSING,MISSING
daylist,Tagesliste,OK,OK,OK,MISSING,MISSING,MISSING,MISSING
productranking,Produktranking,OK,OK,OK,MISSING,MISSING,MISSING,MISSING
from,Von: ,OK,OK,OK,MISSING,MISSING,MISSING,MISSING
to,Bis: ,OK,OK,OK,MISSING,MISSING,MISSING,MISSING
showExportDatev,Zeige Datev-Export Tabelle,OK,OK,OK,MISSING,MISSING,MISSING,MISSING
showExportDatevDebitors,Zeige Datev-Export Debitoren,OK,OK,OK,MISSING,MISSING,MISSING,MISSING
showExportSalesVolume,Zeige Export Umsatz,OK,OK,OK,MISSING,MISSING,MISSING,MISSING
showExportSalesVolumeDoctorCommunity,Zeige Export Umsatz je Arzt und Filiale,OK,OK,OK,MISSING,MISSING,MISSING,MISSING
showDaylist,Suche Tagesliste,OK,OK,OK,MISSING,MISSING,MISSING,MISSING
columnMWSTNew,Mwst (neu),OK,OK,OK,MISSING,MISSING,MISSING,MISSING
columnMWSTOld,Mwst (alt),OK,OK,OK,MISSING,MISSING,MISSING,MISSING
columnMWSTValidFrom,Mwst gültig_ab,OK,OK,OK,MISSING,MISSING,MISSING,MISSING
columnSoldpriceNew,Bruttopreis (neu),OK,OK,OK,MISSING,MISSING,MISSING,MISSING
columnSoldpriceOld,Bruttopreis (alt),OK,OK,OK,MISSING,MISSING,MISSING,MISSING
columnSoldpriceValidFrom,Preis gültig_ab,OK,OK,OK,MISSING,MISSING,MISSING,MISSING
productValidTo,gültig_bis,OK,OK,OK,MISSING,MISSING,MISSING,MISSING
productValidFrom,gültig_ab,OK,OK,OK,MISSING,MISSING,MISSING,MISSING
logo,Logo,GERMAN_FALLBACK,GERMAN_FALLBACK,OK,MISSING,MISSING,MISSING,MISSING
branch,Filiale,OK,MISSING,OK,MISSING,MISSING,MISSING,MISSING
communityData,Gesellschaftsdaten,OK,OK,OK,MISSING,MISSING,MISSING,MISSING
fileTooBig,"Datei zu groß, Limit wird überschritten",OK,OK,OK,MISSING,MISSING,MISSING,MISSING
searchProformaInvoice,ProFormaRechnung suchen,OK,OK,OK,MISSING,MISSING,MISSING,MISSING
finishProformaInvoice,Abschluss ProForma-Rechnung,OK,OK,OK,MISSING,MISSING,MISSING,MISSING
createCredit,Gutschrift erstellen,OK,OK,OK,MISSING,MISSING,MISSING,MISSING
searchCredit,Gutschrift suchen,OK,OK,OK,MISSING,MISSING,MISSING,MISSING
finishCredit,Abschluss Gutschrift,OK,OK,OK,MISSING,MISSING,MISSING,MISSING
searchID,Suche per ID,OK,OK,OK,MISSING,MISSING,MISSING,MISSING
overtakeCredit,Gutschrift übernehmen,OK,OK,OK,MISSING,MISSING,MISSING,MISSING
createCancellation,Storno erstellen,OK,OK,OK,MISSING,MISSING,MISSING,MISSING
searchCancellation,Storno suchen,OK,OK,OK,MISSING,MISSING,MISSING,MISSING
wrongPatient,Falscher Patient,OK,OK,OK,MISSING,MISSING,MISSING,MISSING
wrongPayment,Falsche Zahlart,OK,OK,OK,MISSING,MISSING,MISSING,MISSING
wrongCommunity,Falsche Gesellschaft,OK,OK,OK,MISSING,MISSING,MISSING,MISSING
wrongArticle,Falscher Artikel,OK,OK,OK,MISSING,MISSING,MISSING,MISSING
noExtraPaying,Zuzahlungsbefreit,OK,OK,OK,MISSING,MISSING,MISSING,MISSING
addCancellationText,Stornogrund übernehmen,OK,OK,OK,MISSING,MISSING,MISSING,MISSING
overtakePaymentAdvice,ProFormaRechnung übernehmen,OK,OK,OK,MISSING,MISSING,MISSING,MISSING
finishCancellation,Abschluss Storno,OK,OK,OK,MISSING,MISSING,MISSING,MISSING
searchProformaCancellation,ProFormaStorno suchen,OK,OK,OK,MISSING,MISSING,MISSING,MISSING
overtakeProformaCancellation,ProFormaStorno übernehmen,OK,OK,OK,MISSING,MISSING,MISSING,MISSING
overtakeCancellation,Storno übernehmen,OK,OK,OK,MISSING,MISSING,MISSING,MISSING
editInvoiceProducts,Rechnungsprodukte anpassen,OK,OK,OK,MISSING,MISSING,MISSING,MISSING
invoiceQRCodeInvoice,QR-Code für die Rechnung,OK,OK,OK,MISSING,MISSING,MISSING,MISSING
invoicePostadress,Postanschrift,OK,OK,OK,MISSING,MISSING,MISSING,MISSING
invoiceTelephone,Telefon,OK,OK,OK,MISSING,MISSING,MISSING,MISSING
invoiceFax,Fax,GERMAN_FALLBACK,GERMAN_FALLBACK,OK,MISSING,MISSING,MISSING,MISSING
invoiceEmail,E-Mail,OK,GERMAN_FALLBACK,GERMAN_FALLBACK,MISSING,MISSING,MISSING,MISSING
invoiceTaxNumber,Steuernummer,OK,OK,OK,MISSING,MISSING,MISSING,MISSING
invoiceVoucherNumber,Beleg Nr.,OK,OK,OK,MISSING,MISSING,MISSING,MISSING
invoicePatientID,Patienten ID,OK,OK,OK,MISSING,MISSING,MISSING,MISSING
invoiceDate,Datum,OK,OK,OK,MISSING,MISSING,MISSING,MISSING
invoiceEditor,Bearbeiter,OK,OK,OK,MISSING,MISSING,MISSING,MISSING
invoiceInvoiceLabelRechnung,Rechnung,OK,OK,OK,MISSING,MISSING,MISSING,MISSING
invoiceDescription,Beschreibung,OK,OK,OK,MISSING,MISSING,MISSING,MISSING
invoiceAmount,Menge,OK,OK,OK,MISSING,MISSING,MISSING,MISSING
invoiceReducement,Rabatt %,OK,OK,OK,MISSING,MISSING,MISSING,MISSING
invoiceTaxRate,Steuersatz,OK,OK,OK,MISSING,MISSING,MISSING,MISSING
invoiceSinglePrice,Einzelpreis,OK,OK,OK,MISSING,MISSING,MISSING,MISSING
invoiceTotalPrice,Gesamtpreis,OK,OK,OK,MISSING,MISSING,MISSING,MISSING
invoicePaymentMethod,Zahlungsart: ,OK,OK,OK,MISSING,MISSING,MISSING,MISSING
invoicePaymentMethod0,noch nicht gewählt,OK,OK,OK,MISSING,MISSING,MISSING,MISSING
invoiceSalutationLabel0,"Sehr geehrte(r) <Anrede> <Titel> <Vorname> <Namenszusatz> <Nachname>,",OK,OK,OK,MISSING,MISSING,MISSING,MISSING
invoiceInvoiceTextLabel0,"sehr gern haben wir <SieIhrKind>, <Anrede> <Titel> <Vorname> <Namenszusatz> <Nachname> am <Behandlungsdatum> behandelt und hoffen, dass Sie einen angenehmeren Aufenthalt bei uns hatten. -br- Wir erlauben uns Ihre Behandlung wie folgt in Rechnung zu stellen. :",OK,OK,OK,MISSING,MISSING,MISSING,MISSING
invoiceLawHintLabel0,Gern beantworten wir Ihnen weitere Fragen. -br- Diese Liquidation wurde maschinell erstellt und ist daher ohne Unterschrift oder Stempel gültig.,OK,OK,OK,MISSING,MISSING,MISSING,MISSING
invoiceGreetingsLabel0,Mit freundlichen Grüßen -br--br- Ihr(e) <Gesellschaftsname>,OK,OK,OK,MISSING,MISSING,MISSING,MISSING
newDummyElement,Neues Dummyelement,OK,OK,OK,MISSING,MISSING,MISSING,MISSING
newDummyElementPresent,Neues Dummyelement (Gutschein),OK,OK,OK,MISSING,MISSING,MISSING,MISSING
editInvoiceText,Rechnungstext anpassen,OK,OK,OK,MISSING,MISSING,MISSING,MISSING
removeInvoiceText,Rechnungstext löschen,OK,OK,OK,MISSING,MISSING,MISSING,MISSING
questionRemoveInvoiceText,  Rechnungstext wirklich löschen ?,OK,OK,OK,MISSING,MISSING,MISSING,MISSING
newInvoiceText,neuer Rechnungstext,OK,OK,OK,MISSING,MISSING,MISSING,MISSING
new,Neu,MISSING,MISSING,MISSING,MISSING,MISSING,MISSING,MISSING
invoiceTransfer1,Bitte überweisen Sie den ,OK,OK,OK,MISSING,MISSING,MISSING,MISSING
invoiceTransfer2,monatlichen,OK,OK,OK,MISSING,MISSING,MISSING,MISSING
invoiceTransfer4,immer zum 1. des Monats ,OK,OK,OK,MISSING,MISSING,MISSING,MISSING
invoiceTransfer5,bis zum ,OK,OK,OK,MISSING,MISSING,MISSING,MISSING
invoiceTransfer6,auf das folgende Konto,OK,OK,OK,MISSING,MISSING,MISSING,MISSING
invoiceAccountOwner,Kontoinhaber,OK,OK,OK,MISSING,MISSING,MISSING,MISSING
invoicePurposeOfUse,Verwendungszweck,OK,OK,OK,MISSING,MISSING,MISSING,MISSING
invoiceTransfer3,Rechnungsbetrag unter Angabe der Rechnungsnummer ,OK,OK,OK,MISSING,MISSING,MISSING,MISSING
invoicePaymentMethod1,Bar,OK,GERMAN_FALLBACK,OK,MISSING,MISSING,MISSING,MISSING
invoicePaymentMethod2,EC,GERMAN_FALLBACK,OK,GERMAN_FALLBACK,MISSING,MISSING,MISSING,MISSING
invoicePaymentMethod3,Vorkasse,OK,OK,OK,MISSING,MISSING,MISSING,MISSING
invoicePaymentMethod5,Kulanz,OK,OK,OK,MISSING,MISSING,MISSING,MISSING
invoiceYou,Sie,OK,OK,OK,MISSING,MISSING,MISSING,MISSING
invoiceYourChild,Ihr Kind,OK,OK,OK,MISSING,MISSING,MISSING,MISSING
invoiceTaxFreeNote,* Steuerfrei nach §4 Nr. 14 UStG,OK,OK,OK,MISSING,MISSING,MISSING,MISSING
invoiceQRCodeHint,Der QR-Code ist aus Datenschutzgründen nur im WLAN der Praxis wirksam.,OK,OK,OK,MISSING,MISSING,MISSING,MISSING
invoicePaymentMethod4,Überweisung,OK,OK,OK,MISSING,MISSING,MISSING,MISSING
invoicePaymentMethod6,Raten,OK,OK,OK,MISSING,MISSING,MISSING,MISSING
rate,Raten,MISSING,MISSING,MISSING,MISSING,MISSING,MISSING,MISSING
panelRateCount,Ratenanzahl,MISSING,MISSING,OK,MISSING,MISSING,MISSING,MISSING
invoiceRatePriceMonthly,Ratenbetrag monatlich,OK,OK,OK,MISSING,MISSING,MISSING,MISSING
invoiceHint,Hinweis,OK,OK,OK,MISSING,MISSING,MISSING,MISSING
invoiceRateHint,"Wir möchten Sie darauf aufmerksam machen, dass wir bei einem nicht termingerechten Zahlungseingang der Rate die Möglichkeit haben, den verbleibenden Restbetrag in einer Summe einzufordern.",OK,OK,OK,MISSING,MISSING,MISSING,MISSING
invoiceFinalPriceWithMwst,Endbetrag inkl. Mwst,OK,MISSING,OK,MISSING,MISSING,MISSING,MISSING
invoiceCoupon,Gutschein,OK,OK,OK,MISSING,MISSING,MISSING,MISSING
invoiceSalesTaxNumber,Umsatzsteuernummer,OK,OK,OK,MISSING,MISSING,MISSING,MISSING
invoiceSelect0, ,OK,OK,OK,MISSING,MISSING,MISSING,MISSING
invoiceTotalPriceWithoutMwst,Gesamtpreis exkl. Mwst,OK,MISSING,OK,MISSING,MISSING,MISSING,MISSING
invoiceMwst19Procent,Mwst 19 %:,OK,MISSING,OK,MISSING,MISSING,MISSING,MISSING
invoiceSelect3, ,OK,OK,OK,MISSING,MISSING,MISSING,MISSING
selectMan,Herr,MISSING,MISSING,MISSING,MISSING,MISSING,MISSING,MISSING
selectWoman,Frau,MISSING,MISSING,MISSING,MISSING,MISSING,MISSING,MISSING
selectDivers,Divers,MISSING,MISSING,MISSING,MISSING,MISSING,MISSING,MISSING
tabHint,Hinweis,MISSING,MISSING,MISSING,MISSING,MISSING,MISSING,MISSING
hinttext,Der Patient ist noch keine 18 Jahre alt ! Eine Rechnung ist aus rechtlichen Gründen problematisch ! Bitte die Eltern stattdessen auswählen !,MISSING,MISSING,MISSING,MISSING,MISSING,MISSING,MISSING
inputLegalRepresentative,Angabe der gesetzlichen Vertreter,MISSING,MISSING,MISSING,MISSING,MISSING,MISSING,MISSING
selectAdress,Bitte Adresse auswählen : ,MISSING,MISSING,MISSING,MISSING,MISSING,MISSING,MISSING
takeDataInvoice,Rechnung übernehmen,MISSING,MISSING,MISSING,MISSING,MISSING,MISSING,MISSING
editLawHint,rechtlichen Hinweis anpassen,MISSING,MISSING,MISSING,MISSING,MISSING,MISSING,MISSING
removeLawHint,rechtlichen Hinweis löschen,MISSING,MISSING,MISSING,MISSING,MISSING,MISSING,MISSING
questionRemoveLawHint,  Rechtlichen Hinweis wirklich löschen ?,MISSING,MISSING,MISSING,MISSING,MISSING,MISSING,MISSING
newLawHint,neuen rechtlichen Hinweis,MISSING,MISSING,MISSING,MISSING,MISSING,MISSING,MISSING
editGreetings,Grußformel anpassen,MISSING,MISSING,MISSING,MISSING,MISSING,MISSING,MISSING
removeGreetings,Grußformel löschen,MISSING,MISSING,MISSING,MISSING,MISSING,MISSING,MISSING
questionRemoveGreetings,  Grußformel wirklich löschen ?,MISSING,MISSING,MISSING,MISSING,MISSING,MISSING,MISSING
newGreetings,neue Grußformel,MISSING,MISSING,MISSING,MISSING,MISSING,MISSING,MISSING
loginTabEditTranslation,Übersetzung anpassen,OK,MISSING,MISSING,MISSING,MISSING,MISSING,MISSING
labelEditLanguage,Anzupassende Sprache wählen :,OK,MISSING,MISSING,MISSING,MISSING,MISSING,MISSING
labelEditText,Anzupassenden Text wählen :,OK,MISSING,MISSING,MISSING,MISSING,MISSING,MISSING
commitSelection,Auswahl bestätigen,MISSING,MISSING,MISSING,MISSING,MISSING,MISSING,MISSING
cancel,Abbrechen,OK,MISSING,MISSING,MISSING,MISSING,MISSING,MISSING
editDBElement,DB Element bearbeiten,MISSING,MISSING,MISSING,MISSING,MISSING,MISSING,MISSING
newElement,Neues Element,MISSING,MISSING,MISSING,MISSING,MISSING,MISSING,MISSING
name,Name,MISSING,MISSING,MISSING,MISSING,MISSING,MISSING,MISSING
shortName,Kürzel,MISSING,MISSING,MISSING,MISSING,MISSING,MISSING,MISSING
streetNumber,Straße,MISSING,MISSING,MISSING,MISSING,MISSING,MISSING,MISSING
postcode,PLZ,MISSING,MISSING,MISSING,MISSING,MISSING,MISSING,MISSING
place,Ort,MISSING,MISSING,MISSING,MISSING,MISSING,MISSING,MISSING
useBranchAdress,Filialadresse in Rechnung verwenden ?,MISSING,MISSING,MISSING,MISSING,MISSING,MISSING,MISSING
email,Email,MISSING,MISSING,MISSING,MISSING,MISSING,MISSING,MISSING
useBranchEmail,Filial-Email in Rechnung verwenden ?,MISSING,MISSING,MISSING,MISSING,MISSING,MISSING,MISSING
category,Kategorie,MISSING,MISSING,MISSING,MISSING,MISSING,MISSING,MISSING
importfolder,Importordner,MISSING,MISSING,MISSING,MISSING,MISSING,MISSING,MISSING
exportfolder,Exportordner,MISSING,MISSING,MISSING,MISSING,MISSING,MISSING,MISSING
accessCommunity,Gesellschaftszugriff,MISSING,MISSING,MISSING,MISSING,MISSING,MISSING,MISSING
editBranchData,Bearbeite Filialdaten,MISSING,MISSING,MISSING,MISSING,MISSING,MISSING,MISSING
saveBranchData,Speichere Filialdaten,MISSING,MISSING,MISSING,MISSING,MISSING,MISSING,MISSING
invoiceInvoiceLabelStorno,Storno,MISSING,MISSING,MISSING,MISSING,MISSING,MISSING,MISSING
invoiceReason,,MISSING,MISSING,MISSING,MISSING,MISSING,MISSING,MISSING
invoiceReasonFalscher Artikel,Falscher Artikel,MISSING,MISSING,MISSING,MISSING,MISSING,MISSING,MISSING
noEntries,keine Einträge,MISSING,MISSING,MISSING,MISSING,MISSING,MISSING,MISSING
loginTab2FA,2FA,GERMAN_FALLBACK,GERMAN_FALLBACK,OK,MISSING,MISSING,MISSING,MISSING
loginTabQRCode,QR-Code,MISSING,MISSING,MISSING,MISSING,MISSING,MISSING,MISSING
tab2FAhint,QR-Code für 2FA,MISSING,MISSING,MISSING,MISSING,MISSING,MISSING,MISSING
label2FACode,2FA-Code : ,OK,OK,OK,MISSING,MISSING,MISSING,MISSING
loginTab2FALogin,2FA-Login,GERMAN_FALLBACK,GERMAN_FALLBACK,OK,MISSING,MISSING,MISSING,MISSING
loginTab2FARegister,2FA-Registrierung,OK,OK,OK,MISSING,MISSING,MISSING,MISSING
loginTab2FAQRCode,QRCode anfordern,OK,OK,OK,MISSING,MISSING,MISSING,MISSING
invoiceRecipient,Rechnungsempfänger,OK,OK,OK,MISSING,MISSING,MISSING,MISSING
invoiceNoRecipient,Kein .lbd-Empfänger gefunden - bitte konfigurieren.,OK,OK,OK,MISSING,MISSING,MISSING,MISSING
invoiceCustomerFile,Kundendatei,OK,OK,OK,MISSING,MISSING,MISSING,MISSING
invoiceUser,Benutzer,OK,OK,OK,MISSING,MISSING,MISSING,MISSING
invoiceProductCode,Code,GERMAN_FALLBACK,GERMAN_FALLBACK,OK,MISSING,MISSING,MISSING,MISSING
invoiceZugferdNote,Diese Rechnung enthält die maschinenlesbare ZUGFeRD/Factur-X XML im PDF.,OK,OK,OK,MISSING,MISSING,MISSING,MISSING
net,Netto,OK,OK,OK,MISSING,MISSING,MISSING,MISSING
vat,MwSt,OK,OK,OK,MISSING,MISSING,MISSING,MISSING
gross,Gesamt,OK,OK,OK,MISSING,MISSING,MISSING,MISSING
bank,Bankverbindung,OK,OK,OK,MISSING,MISSING,MISSING,MISSING
invoiceTaxNumberVatId,Steuernummer/USt-ID,OK,OK,OK,MISSING,MISSING,MISSING,MISSING
invoicePortalTitle,Digitales Rechnungsportal,DUPLICATE,OK,OK,MISSING,MISSING,MISSING,MISSING
invoicePortalHelp,Wählen Sie die gewünschte Sprache und laden Sie Ihre Rechnung erneut herunter.,OK,OK,OK,MISSING,MISSING,MISSING,MISSING
company,company,GERMAN_FALLBACK,OK,GERMAN_FALLBACK,MISSING,MISSING,MISSING,MISSING
invoiceReadAloud,Vorlesen,OK,OK,OK,MISSING,MISSING,MISSING,MISSING
invoiceFallbackPdfNote,Debug-/Fallback-PDF; verbindlich ist der ZUGFeRD/Factur-X-Export.,OK,OK,OK,MISSING,MISSING,MISSING,MISSING
invoiceReducedTotal,Endbetrag nach Abzug,OK,OK,OK,MISSING,MISSING,MISSING,MISSING
invoiceInstallments,Ratenzahlung,OK,OK,OK,MISSING,MISSING,MISSING,MISSING
invoiceInstallmentApprox,Raten à ca.,OK,OK,OK,MISSING,MISSING,MISSING,MISSING
invoicePreviewTitle,Rechnungsvorschau,OK,OK,OK,MISSING,MISSING,MISSING,MISSING
invoicePreviewHelp,"Rechter Vorschau-Teil nach Alt-GAM-Prinzip: Anrede, Rechnungstext, Positionen, rechtlicher Hinweis und Grußformel.",OK,OK,OK,MISSING,MISSING,MISSING,MISSING
invoiceNoLines,Noch keine Positionen übernommen.,OK,OK,OK,MISSING,MISSING,MISSING,MISSING
invoicePortalQrHint,Diese Rechnung digital abrufen: QR-Code scannen oder Link öffnen.,OK,OK,OK,MISSING,MISSING,MISSING,MISSING
select Society,,OK,MISSING,MISSING,MISSING,MISSING,MISSING,MISSING
legendYourChild,,OK,MISSING,MISSING,MISSING,MISSING,MISSING,MISSING
invoicePost Address,,OK,MISSING,MISSING,MISSING,MISSING,MISSING,MISSING
invoicePaymentMethodnoch not selected,,OK,MISSING,MISSING,MISSING,MISSING,MISSING,MISSING
ttsRate,,OK,OK,MISSING,MISSING,MISSING,MISSING,MISSING
ttsVoiceAuto,,OK,OK,MISSING,MISSING,MISSING,MISSING,MISSING
ttsVoice,,OK,OK,MISSING,MISSING,MISSING,MISSING,MISSING
ttsEngine,,OK,OK,MISSING,MISSING,MISSING,MISSING,MISSING
ttsSettings,,OK,OK,MISSING,MISSING,MISSING,MISSING,MISSING
ttsAuto,,OK,OK,MISSING,MISSING,MISSING,MISSING,MISSING
ttsLanguage,,OK,OK,MISSING,MISSING,MISSING,MISSING,MISSING
invoiceTypePaymentAdvice,,OK,OK,MISSING,MISSING,MISSING,MISSING,MISSING
users,,OK,OK,MISSING,MISSING,MISSING,MISSING,MISSING
compliance,,OK,OK,MISSING,MISSING,MISSING,MISSING,MISSING
previewTitle,,OK,OK,MISSING,MISSING,MISSING,MISSING,MISSING
lbdMissingPlaceholder,,OK,OK,MISSING,MISSING,MISSING,MISSING,MISSING
step31ModuleOverviewShort,,OK,OK,MISSING,MISSING,MISSING,MISSING,MISSING
demoReadOnlyShell,,OK,OK,MISSING,MISSING,MISSING,MISSING,MISSING
proformaFailed,,OK,OK,MISSING,MISSING,MISSING,MISSING,MISSING
saveFailed,,OK,OK,MISSING,MISSING,MISSING,MISSING,MISSING
selectAtLeastOneLine,,DUPLICATE,OK,MISSING,MISSING,MISSING,MISSING,MISSING
mandatoryZugferd,,OK,OK,MISSING,MISSING,MISSING,MISSING,MISSING
loadingNumber,,OK,OK,MISSING,MISSING,MISSING,MISSING,MISSING
remove,,OK,OK,MISSING,MISSING,MISSING,MISSING,MISSING
addPosition,,OK,OK,MISSING,MISSING,MISSING,MISSING,MISSING
quantity,,OK,OK,MISSING,MISSING,MISSING,MISSING,MISSING
product,,OK,OK,MISSING,MISSING,MISSING,MISSING,MISSING
installmentCount,,OK,OK,MISSING,MISSING,MISSING,MISSING,MISSING
installments,,OK,OK,MISSING,MISSING,MISSING,MISSING,MISSING
amount,,OK,OK,MISSING,MISSING,MISSING,MISSING,MISSING
percent,,OK,OK,MISSING,MISSING,MISSING,MISSING,MISSING
discountValue,,OK,OK,MISSING,MISSING,MISSING,MISSING,MISSING
discountType,,OK,OK,MISSING,MISSING,MISSING,MISSING,MISSING
discount,,OK,OK,MISSING,MISSING,MISSING,MISSING,MISSING
voucherAmount,,OK,OK,MISSING,MISSING,MISSING,MISSING,MISSING
voucherText,,OK,OK,MISSING,MISSING,MISSING,MISSING,MISSING
voucher,,OK,OK,MISSING,MISSING,MISSING,MISSING,MISSING
reason,,OK,OK,MISSING,MISSING,MISSING,MISSING,MISSING
paymentMethod,,OK,OK,MISSING,MISSING,MISSING,MISSING,MISSING
saveInvoice,,OK,OK,MISSING,MISSING,MISSING,MISSING,MISSING
editChangesSave,,OK,OK,MISSING,MISSING,MISSING,MISSING,MISSING
cancelInvoice,,OK,OK,MISSING,MISSING,MISSING,MISSING,MISSING
createCreditNote,,OK,OK,MISSING,MISSING,MISSING,MISSING,MISSING
technicalDelete,,OK,OK,MISSING,MISSING,MISSING,MISSING,MISSING
accessLinkError,,OK,OK,MISSING,MISSING,MISSING,MISSING,MISSING
qrAltPortal,,OK,OK,MISSING,MISSING,MISSING,MISSING,MISSING
openPortal,,OK,OK,MISSING,MISSING,MISSING,MISSING,MISSING
patientPortalHint,,OK,OK,MISSING,MISSING,MISSING,MISSING,MISSING
patientPortalDigital,,OK,OK,MISSING,MISSING,MISSING,MISSING,MISSING
zugferdIssues,,OK,OK,MISSING,MISSING,MISSING,MISSING,MISSING
zugferdReady,,OK,OK,MISSING,MISSING,MISSING,MISSING,MISSING
exportCheckLoading,,OK,OK,MISSING,MISSING,MISSING,MISSING,MISSING
zugferdPdf,,OK,OK,MISSING,MISSING,MISSING,MISSING,MISSING
pleaseSelectInvoice,,OK,OK,MISSING,MISSING,MISSING,MISSING,MISSING
search,,OK,OK,MISSING,MISSING,MISSING,MISSING,MISSING
searchPlaceholder,,OK,OK,MISSING,MISSING,MISSING,MISSING,MISSING
pleaseChoose,,OK,OK,MISSING,MISSING,MISSING,MISSING,MISSING
pleaseSelectCompany,,OK,OK,MISSING,MISSING,MISSING,MISSING,MISSING
invoiceEdit,,OK,OK,MISSING,MISSING,MISSING,MISSING,MISSING
usersRights,,OK,OK,MISSING,MISSING,MISSING,MISSING,MISSING
checks,,OK,OK,MISSING,MISSING,MISSING,MISSING,MISSING
role,,OK,OK,MISSING,MISSING,MISSING,MISSING,MISSING
step31ModuleOverview,,OK,OK,MISSING,MISSING,MISSING,MISSING,MISSING
statusLoading,,OK,OK,MISSING,MISSING,MISSING,MISSING,MISSING
notFound,,OK,OK,MISSING,MISSING,MISSING,MISSING,MISSING
found,,OK,OK,MISSING,MISSING,MISSING,MISSING,MISSING
notConnected,,OK,OK,MISSING,MISSING,MISSING,MISSING,MISSING
connected,,OK,OK,MISSING,MISSING,MISSING,MISSING,MISSING
noPasskey,,OK,OK,MISSING,MISSING,MISSING,MISSING,MISSING
passkeyUnsupported,,OK,OK,MISSING,MISSING,MISSING,MISSING,MISSING
usernameRequired,,OK,OK,MISSING,MISSING,MISSING,MISSING,MISSING
setupFirst,,OK,OK,MISSING,MISSING,MISSING,MISSING,MISSING
totpSaved,,OK,OK,MISSING,MISSING,MISSING,MISSING,MISSING
setupCreated,,OK,OK,MISSING,MISSING,MISSING,MISSING,MISSING
setupExisting,,OK,OK,MISSING,MISSING,MISSING,MISSING,MISSING
seconds,,OK,OK,MISSING,MISSING,MISSING,MISSING,MISSING
tooManyAttempts,,OK,OK,MISSING,MISSING,MISSING,MISSING,MISSING
wait,,OK,OK,MISSING,MISSING,MISSING,MISSING,MISSING
passkeyStatus,,OK,OK,MISSING,MISSING,MISSING,MISSING,MISSING
passkeyLoginButton,,OK,OK,MISSING,MISSING,MISSING,MISSING,MISSING
passkeyLoginHint,,OK,OK,MISSING,MISSING,MISSING,MISSING,MISSING
passkeyHint,,OK,OK,MISSING,MISSING,MISSING,MISSING,MISSING
totpLoginButton,,OK,OK,MISSING,MISSING,MISSING,MISSING,MISSING
totpCode,,OK,OK,MISSING,MISSING,MISSING,MISSING,MISSING
totpSave,,OK,OK,MISSING,MISSING,MISSING,MISSING,MISSING
totpCodeConfirm,,OK,OK,MISSING,MISSING,MISSING,MISSING,MISSING
totpQrCreate,,OK,OK,MISSING,MISSING,MISSING,MISSING,MISSING
totpRegisterHint,,OK,OK,MISSING,MISSING,MISSING,MISSING,MISSING
legacyLoginHint,,OK,OK,MISSING,MISSING,MISSING,MISSING,MISSING
uiLanguage,,OK,OK,MISSING,MISSING,MISSING,MISSING,MISSING
chooseApplication,,OK,OK,MISSING,MISSING,MISSING,MISSING,MISSING
moduleVisibilityHint,,OK,OK,MISSING,MISSING,MISSING,MISSING,MISSING
username,,OK,OK,MISSING,MISSING,MISSING,MISSING,MISSING
password,,OK,OK,MISSING,MISSING,MISSING,MISSING,MISSING
login,,OK,OK,MISSING,MISSING,MISSING,MISSING,MISSING
passwordLogin,,OK,OK,MISSING,MISSING,MISSING,MISSING,MISSING
totpRegister,,OK,OK,MISSING,MISSING,MISSING,MISSING,MISSING
totpLogin,,OK,OK,MISSING,MISSING,MISSING,MISSING,MISSING
passkeyRegister,,OK,OK,MISSING,MISSING,MISSING,MISSING,MISSING
passkeyLogin,,OK,OK,MISSING,MISSING,MISSING,MISSING,MISSING
inventory,,OK,OK,MISSING,MISSING,MISSING,MISSING,MISSING
warehouse,,OK,OK,MISSING,MISSING,MISSING,MISSING,MISSING
cashbook,,OK,OK,MISSING,MISSING,MISSING,MISSING,MISSING
tasks,,OK,OK,MISSING,MISSING,MISSING,MISSING,MISSING
approval,,OK,OK,MISSING,MISSING,MISSING,MISSING,MISSING
orders,,OK,OK,MISSING,MISSING,MISSING,MISSING,MISSING
personnel,,OK,OK,MISSING,MISSING,MISSING,MISSING,MISSING
workplace,,OK,OK,MISSING,MISSING,MISSING,MISSING,MISSING
price,,OK,OK,MISSING,MISSING,MISSING,MISSING,MISSING
readOnly,,OK,OK,MISSING,MISSING,MISSING,MISSING,MISSING
invoiceSearch,,OK,OK,MISSING,MISSING,MISSING,MISSING,MISSING
newInvoice,,OK,OK,MISSING,MISSING,MISSING,MISSING,MISSING
invoicePreview,,OK,OK,MISSING,MISSING,MISSING,MISSING,MISSING
invoiceList,,OK,OK,MISSING,MISSING,MISSING,MISSING,MISSING
patientPortal,,OK,OK,MISSING,MISSING,MISSING,MISSING,MISSING
language,,OK,OK,MISSING,MISSING,MISSING,MISSING,MISSING
pdfLanguage,,OK,OK,MISSING,MISSING,MISSING,MISSING,MISSING
reducedTotal,,OK,OK,MISSING,MISSING,MISSING,MISSING,MISSING
approx,,OK,OK,MISSING,MISSING,MISSING,MISSING,MISSING
previewHelp,,OK,OK,MISSING,MISSING,MISSING,MISSING,MISSING
readAloud,,OK,OK,MISSING,MISSING,MISSING,MISSING,MISSING
stopReading,,OK,OK,MISSING,MISSING,MISSING,MISSING,MISSING
accessibilityNote,,OK,OK,MISSING,MISSING,MISSING,MISSING,MISSING
qty,,OK,OK,MISSING,MISSING,MISSING,MISSING,MISSING
tax,,OK,OK,MISSING,MISSING,MISSING,MISSING,MISSING
lineTotal,,OK,OK,MISSING,MISSING,MISSING,MISSING,MISSING
noLines,,OK,OK,MISSING,MISSING,MISSING,MISSING,MISSING
total,,OK,OK,MISSING,MISSING,MISSING,MISSING,MISSING
recipient,,OK,OK,MISSING,MISSING,MISSING,MISSING,MISSING
date,,OK,OK,MISSING,MISSING,MISSING,MISSING,MISSING
payment,,OK,OK,MISSING,MISSING,MISSING,MISSING,MISSING
notes,,OK,OK,MISSING,MISSING,MISSING,MISSING,MISSING
taxNo,,OK,OK,MISSING,MISSING,MISSING,MISSING,MISSING
noRecipient,,OK,OK,MISSING,MISSING,MISSING,MISSING,MISSING
module.invoice,,OK,OK,MISSING,MISSING,MISSING,MISSING,MISSING
module.invoices,,OK,OK,MISSING,MISSING,MISSING,MISSING,MISSING
module.inventory,,OK,OK,MISSING,MISSING,MISSING,MISSING,MISSING
module.warehouse,,OK,OK,MISSING,MISSING,MISSING,MISSING,MISSING
module.cashbook,,OK,OK,MISSING,MISSING,MISSING,MISSING,MISSING
module.tasks,,OK,OK,MISSING,MISSING,MISSING,MISSING,MISSING
module.approval,,OK,OK,MISSING,MISSING,MISSING,MISSING,MISSING
module.approvals,,OK,OK,MISSING,MISSING,MISSING,MISSING,MISSING
module.orders,,OK,OK,MISSING,MISSING,MISSING,MISSING,MISSING
module.personnel,,OK,OK,MISSING,MISSING,MISSING,MISSING,MISSING
module.workplace,,OK,OK,MISSING,MISSING,MISSING,MISSING,MISSING
module.price,,OK,OK,MISSING,MISSING,MISSING,MISSING,MISSING
module.priceList,,OK,OK,MISSING,MISSING,MISSING,MISSING,MISSING
module.checks,,OK,OK,MISSING,MISSING,MISSING,MISSING,MISSING
module.compliance,,OK,OK,MISSING,MISSING,MISSING,MISSING,MISSING
selectSociété,,MISSING,OK,MISSING,MISSING,MISSING,MISSING,MISSING
branche,,MISSING,OK,MISSING,MISSING,MISSING,MISSING,MISSING
invoicePaymentMethodpas encore choisi,,MISSING,OK,MISSING,MISSING,MISSING,MISSING,MISSING
invoiceQRCodeNote,,MISSING,OK,MISSING,MISSING,MISSING,MISSING,MISSING
ttsBrowser,,MISSING,OK,MISSING,MISSING,MISSING,MISSING,MISSING
accounts,,MISSING,OK,MISSING,MISSING,MISSING,MISSING,MISSING
db,,MISSING,OK,MISSING,MISSING,MISSING,MISSING,MISSING
reports,,MISSING,OK,MISSING,MISSING,MISSING,MISSING,MISSING
dashboard,,MISSING,OK,MISSING,MISSING,MISSING,MISSING,MISSING
module.dashboard,,MISSING,OK,MISSING,MISSING,MISSING,MISSING,MISSING
module.reports,,MISSING,OK,MISSING,MISSING,MISSING,MISSING,MISSING
tabReduction,,MISSING,MISSING,OK,MISSING,MISSING,MISSING,MISSING
invoiceReduction,,MISSING,MISSING,OK,MISSING,MISSING,MISSING,MISSING
invoicePaymentMethodnot yet selected,,MISSING,MISSING,OK,MISSING,MISSING,MISSING,MISSING
invoiceTransfer0,,MISSING,MISSING,OK,MISSING,MISSING,MISSING,MISSING
Rate,,MISSING,MISSING,OK,MISSING,MISSING,MISSING,MISSING
